<ImportExportXml xmlns:xsi="http://www.w3.org/2001/XMLSchema-instance">
  <Entities></Entities>
  <Roles></Roles>
  <Workflows></Workflows>
  <FieldSecurityProfiles></FieldSecurityProfiles>
  <Templates />
  <EntityMaps />
  <EntityRelationships />
  <OrganizationSettings />
  <optionsets />
  <WebResources>
    <WebResource>
      <WebResourceId>{6b5f6d06-323b-ee11-bdf4-00224868ed7b}</WebResourceId>
      <Name>ya_leaflet.css</Name>
      <DisplayName>leaflet.css</DisplayName>
      <WebResourceType>2</WebResourceType>
      <IntroducedVersion>1.0.0.0</IntroducedVersion>
      <IsEnabledForMobileClient>0</IsEnabledForMobileClient>
      <IsAvailableForMobileOffline>0</IsAvailableForMobileOffline>
      <IsCustomizable>1</IsCustomizable>
      <CanBeDeleted>1</CanBeDeleted>
      <IsHidden>0</IsHidden>
      <FileName>/WebResources/ya_leafletcss6B5F6D06-323B-EE11-BDF4-00224868ED7B</FileName>
    </WebResource>
    <WebResource>
      <WebResourceId>{24316611-323b-ee11-bdf4-00224868ed7b}</WebResourceId>
      <Name>ya_leaflet.js</Name>
      <DisplayName>leaflet.js</DisplayName>
      <WebResourceType>3</WebResourceType>
      <IntroducedVersion>1.0.0.0</IntroducedVersion>
      <IsEnabledForMobileClient>0</IsEnabledForMobileClient>
      <IsAvailableForMobileOffline>0</IsAvailableForMobileOffline>
      <IsCustomizable>1</IsCustomizable>
      <CanBeDeleted>1</CanBeDeleted>
      <IsHidden>0</IsHidden>
      <FileName>/WebResources/ya_leafletjs24316611-323B-EE11-BDF4-00224868ED7B</FileName>
    </WebResource>
    <WebResource>
      <WebResourceId>{1b875f60-323b-ee11-bdf4-00224868ed7b}</WebResourceId>
      <Name>ya_map.html</Name>
      <DisplayName>map.html</DisplayName>
      <LanguageCode>0</LanguageCode>
      <WebResourceType>1</WebResourceType>
      <IntroducedVersion>1.0.0.0</IntroducedVersion>
      <IsEnabledForMobileClient>0</IsEnabledForMobileClient>
      <IsAvailableForMobileOffline>0</IsAvailableForMobileOffline>
      <IsCustomizable>1</IsCustomizable>
      <CanBeDeleted>1</CanBeDeleted>
      <IsHidden>0</IsHidden>
      <FileName>/WebResources/ya_maphtml1B875F60-323B-EE11-BDF4-00224868ED7B</FileName>
    </WebResource>
  </WebResources>
  <CustomControls />
  <AppModuleSiteMaps>
    <AppModuleSiteMap>
      <SiteMapUniqueName>ya_Map</SiteMapUniqueName>
      <EnableCollapsibleGroups>False</EnableCollapsibleGroups>
      <ShowHome>True</ShowHome>
      <ShowPinned>True</ShowPinned>
      <ShowRecents>True</ShowRecents>
      <SiteMap IntroducedVersion="7.0.0.0">
        <Area Id="area_3621c193" ResourceId="SitemapDesigner.NewTitle" DescriptionResourceId="SitemapDesigner.NewTitle" ShowGroups="true" IntroducedVersion="7.0.0.0">
          <Titles>
            <Title LCID="1041" Title="エリア 1" />
          </Titles>
          <Group Id="group_523890fa" ResourceId="SitemapDesigner.NewGroup" DescriptionResourceId="SitemapDesigner.NewGroup" IntroducedVersion="7.0.0.0" IsProfile="false" ToolTipResourseId="SitemapDesigner.Unknown">
            <SubArea Id="subarea_937197b4" ResourceId="SitemapDesigner.NewSubArea" Icon="/_imgs/imagestrips/transparent_spacer.gif" Url="$webresource:ya_map.html" Client="All,Outlook,OutlookLaptopClient,OutlookWorkstationClient,Web" AvailableOffline="true" PassParams="false" Sku="All,OnPremise,Live,SPLA">
              <Titles>
                <Title LCID="1041" Title="Map" />
              </Titles>
            </SubArea>
          </Group>
        </Area>
      </SiteMap>
      <LocalizedNames>
        <LocalizedName description="Map" languagecode="1041" />
      </LocalizedNames>
    </AppModuleSiteMap>
  </AppModuleSiteMaps>
  <AppModules>
    <AppModule>
      <UniqueName>ya_Map</UniqueName>
      <IntroducedVersion>1.0.0.0</IntroducedVersion>
      <WebResourceId>953b9fac-1e5e-e611-80d6-00155ded156f</WebResourceId>
      <OptimizedFor></OptimizedFor>
      <statecode>0</statecode>
      <statuscode>1</statuscode>
      <FormFactor>1</FormFactor>
      <ClientType>4</ClientType>
      <NavigationType>0</NavigationType>
      <AppModuleComponents>
        <AppModuleComponent type="62" schemaName="ya_Map" />
      </AppModuleComponents>
      <AppModuleRoleMaps>
        <Role id="{119f245c-3cc8-4b62-b31c-d1a046ced15d}" />
        <Role id="{627090ff-40a3-4053-8790-584edc5be201}" />
      </AppModuleRoleMaps>
      <LocalizedNames>
        <LocalizedName description="Map" languagecode="1041" />
      </LocalizedNames>
    </AppModule>
  </AppModules>
  <EntityDataProviders />
  <Languages>
    <Language>1041</Language>
  </Languages>
</ImportExportXml>